Subject,Abund,Time,Treat,Individual,OTU_name
340.T1,0.034491647762425,1,Placebo,1,Lactobacillus
341.T1,0.020603713633204,1,Placebo,2,Lactobacillus
342.T1,0.047921198936427,1,Placebo,3,Lactobacillus
344.T1,0.006732517568431,1,Placebo,4,Lactobacillus
345.T1,0.00621381160853,1,Placebo,5,Lactobacillus
347.T1,0.314171447038862,1,Placebo,6,Lactobacillus
348.T1,0.307222222222222,1,Placebo,7,Lactobacillus
349.T1,0.312462067570301,1,Placebo,8,Lactobacillus
351.T1,0.010054520994123,1,Letrozole,9,Lactobacillus
352.T1,0.040755690099787,1,Letrozole,10,Lactobacillus
353.T1,0.040842448219688,1,Letrozole,11,Lactobacillus
355.T1,0.015138442230763,1,Letrozole,12,Lactobacillus
356.T1,0.026804893994583,1,Letrozole,13,Lactobacillus
359.T1,0.011738484398217,1,Letrozole,14,Lactobacillus
360.T1,0.038313755626304,1,Letrozole,15,Lactobacillus
361.T1,0.004477264798232,1,Letrozole,16,Lactobacillus
340.T2,0.111825857216702,2,Placebo,1,Lactobacillus
341.T2,0.026891671203049,2,Placebo,2,Lactobacillus
342.T2,0.008605495075168,2,Placebo,3,Lactobacillus
344.T2,0.00930340737295,2,Placebo,4,Lactobacillus
345.T2,0.150161576149276,2,Placebo,5,Lactobacillus
347.T2,0.233704669352927,2,Placebo,6,Lactobacillus
348.T2,0.053853551311994,2,Placebo,7,Lactobacillus
349.T2,0.005373303167421,2,Placebo,8,Lactobacillus
351.T2,0.031323911162388,2,Letrozole,9,Lactobacillus
352.T2,0.005748745984332,2,Letrozole,10,Lactobacillus
353.T2,0.008714155436214,2,Letrozole,11,Lactobacillus
355.T2,0.020742770742771,2,Letrozole,12,Lactobacillus
356.T2,0.02684151214015,2,Letrozole,13,Lactobacillus
359.T2,0.026272681451613,2,Letrozole,14,Lactobacillus
360.T2,0.066346744043301,2,Letrozole,15,Lactobacillus
361.T2,0.01929060360921,2,Letrozole,16,Lactobacillus
340.T3,0.038686293364894,3,Placebo,1,Lactobacillus
341.T3,0.011286899479066,3,Placebo,2,Lactobacillus
342.T3,0.004289390906491,3,Placebo,3,Lactobacillus
344.T3,0.006845735785953,3,Placebo,4,Lactobacillus
345.T3,0.006362317222904,3,Placebo,5,Lactobacillus
347.T3,0.019387855526031,3,Placebo,6,Lactobacillus
348.T3,0.373594784661979,3,Placebo,7,Lactobacillus
349.T3,0.021976341015705,3,Placebo,8,Lactobacillus
351.T3,0.03526924788607,3,Letrozole,9,Lactobacillus
352.T3,0.015084202913524,3,Letrozole,10,Lactobacillus
353.T3,0.020526928367369,3,Letrozole,11,Lactobacillus
355.T3,0.112633689839572,3,Letrozole,12,Lactobacillus
356.T3,0.033575568025021,3,Letrozole,13,Lactobacillus
359.T3,0.005615618767713,3,Letrozole,14,Lactobacillus
360.T3,0.050558360104023,3,Letrozole,15,Lactobacillus
361.T3,0.006461200491051,3,Letrozole,16,Lactobacillus
340.T4,0.021628948609147,4,Placebo,1,Lactobacillus
341.T4,0.013467374810319,4,Placebo,2,Lactobacillus
342.T4,0.009291648447748,4,Placebo,3,Lactobacillus
344.T4,0.00575698865209,4,Placebo,4,Lactobacillus
345.T4,0.004417146943755,4,Placebo,5,Lactobacillus
347.T4,0.039627754768114,4,Placebo,6,Lactobacillus
348.T4,0.012741859367626,4,Placebo,7,Lactobacillus
349.T4,0.004119414558496,4,Placebo,8,Lactobacillus
351.T4,0.007849462365591,4,Letrozole,9,Lactobacillus
352.T4,0.023177867408964,4,Letrozole,10,Lactobacillus
353.T4,0.015408018057805,4,Letrozole,11,Lactobacillus
355.T4,0.274302978903848,4,Letrozole,12,Lactobacillus
356.T4,0.0099326248524,4,Letrozole,13,Lactobacillus
359.T4,0.002654509781291,4,Letrozole,14,Lactobacillus
360.T4,0.012766226379321,4,Letrozole,15,Lactobacillus
361.T4,0.013671404480848,4,Letrozole,16,Lactobacillus
340.T5,0.00510425716768,5,Placebo,1,Lactobacillus
341.T5,0.011422355180854,5,Placebo,2,Lactobacillus
342.T5,0.002278969204698,5,Placebo,3,Lactobacillus
344.T5,0.00563839117905,5,Placebo,4,Lactobacillus
345.T5,0.006434393022258,5,Placebo,5,Lactobacillus
347.T5,0.011723934522932,5,Placebo,6,Lactobacillus
348.T5,0.003820501197954,5,Placebo,7,Lactobacillus
349.T5,0.004464285714286,5,Placebo,8,Lactobacillus
351.T5,0.011063338926175,5,Letrozole,9,Lactobacillus
352.T5,0.02136819446632,5,Letrozole,10,Lactobacillus
353.T5,0.007164430708717,5,Letrozole,11,Lactobacillus
355.T5,0.092411761496918,5,Letrozole,12,Lactobacillus
356.T5,0.008411393614988,5,Letrozole,13,Lactobacillus
359.T5,0.00325644504749,5,Letrozole,14,Lactobacillus
360.T5,0.027408049145468,5,Letrozole,15,Lactobacillus
361.T5,0.046986889941611,5,Letrozole,16,Lactobacillus
340.T1,0.001804495772324,1,Placebo,1,Bifidobacterium
341.T1,0.001688015092841,1,Placebo,2,Bifidobacterium
342.T1,0.001269035532995,1,Placebo,3,Bifidobacterium
344.T1,0.000245712320016,1,Placebo,4,Bifidobacterium
345.T1,0.000564891964412,1,Placebo,5,Bifidobacterium
347.T1,0.001252322856912,1,Placebo,6,Bifidobacterium
348.T1,0.006010101010101,1,Placebo,7,Bifidobacterium
349.T1,0.001314990896217,1,Placebo,8,Bifidobacterium
351.T1,0.000778871344615,1,Letrozole,9,Bifidobacterium
352.T1,0.004428747617446,1,Letrozole,10,Bifidobacterium
353.T1,0.001919944147079,1,Letrozole,11,Bifidobacterium
355.T1,0.002196250686328,1,Letrozole,12,Bifidobacterium
356.T1,0.002101428971701,1,Letrozole,13,Bifidobacterium
359.T1,0.0055720653789,1,Letrozole,14,Bifidobacterium
360.T1,0.003128773740257,1,Letrozole,15,Bifidobacterium
361.T1,0.000814048145133,1,Letrozole,16,Bifidobacterium
340.T2,0.006605019815059,2,Placebo,1,Bifidobacterium
341.T2,0.005443658138269,2,Placebo,2,Bifidobacterium
342.T2,0.001244167962675,2,Placebo,3,Bifidobacterium
344.T2,0.001686242586347,2,Placebo,4,Bifidobacterium
345.T2,0.027832794746169,2,Placebo,5,Bifidobacterium
347.T2,0.012257474689331,2,Placebo,6,Bifidobacterium
348.T2,0.00659431240555,2,Placebo,7,Bifidobacterium
349.T2,0.002036199095023,2,Placebo,8,Bifidobacterium
351.T2,0.02059417363715,2,Letrozole,9,Bifidobacterium
352.T2,0.022769542918334,2,Letrozole,10,Bifidobacterium
353.T2,0.046610598844868,2,Letrozole,11,Bifidobacterium
355.T2,0.008741258741259,2,Letrozole,12,Bifidobacterium
356.T2,0.036318000204897,2,Letrozole,13,Bifidobacterium
359.T2,0.013671875,2,Letrozole,14,Bifidobacterium
360.T2,0.009039674125328,2,Letrozole,15,Bifidobacterium
361.T2,0.010578718108276,2,Letrozole,16,Bifidobacterium
340.T3,0.00710111694652,3,Placebo,1,Bifidobacterium
341.T3,0.002797607563187,3,Placebo,2,Bifidobacterium
342.T3,0.002058907635116,3,Placebo,3,Bifidobacterium
344.T3,0.001254180602007,3,Placebo,4,Bifidobacterium
345.T3,0.000334858801205,3,Placebo,5,Bifidobacterium
347.T3,0.006347800413345,3,Placebo,6,Bifidobacterium
348.T3,0.005184538781377,3,Placebo,7,Bifidobacterium
349.T3,0.003569243320416,3,Placebo,8,Bifidobacterium
351.T3,0.018580329327993,3,Letrozole,9,Bifidobacterium
352.T3,0.015704101663395,3,Letrozole,10,Bifidobacterium
353.T3,0.019997883821818,3,Letrozole,11,Bifidobacterium
355.T3,0.023785650623886,3,Letrozole,12,Bifidobacterium
356.T3,0.0690828810597,3,Letrozole,13,Bifidobacterium
359.T3,0.007767397921696,3,Letrozole,14,Bifidobacterium
360.T3,0.012391005048187,3,Letrozole,15,Bifidobacterium
361.T3,0.022032693674485,3,Letrozole,16,Bifidobacterium
340.T4,0.006305987741631,4,Placebo,1,Bifidobacterium
341.T4,0.009926656550329,4,Placebo,2,Bifidobacterium
342.T4,0.005574989068649,4,Placebo,3,Bifidobacterium
344.T4,0.00044284528093,4,Placebo,4,Bifidobacterium
345.T4,0.000799293256489,4,Placebo,5,Bifidobacterium
347.T4,0.004141739530603,4,Placebo,6,Bifidobacterium
348.T4,0.003303445021236,4,Placebo,7,Bifidobacterium
349.T4,0.00106620141514,4,Placebo,8,Bifidobacterium
351.T4,0.005376344086022,4,Letrozole,9,Bifidobacterium
352.T4,0.00903255126967,4,Letrozole,10,Bifidobacterium
353.T4,0.011089847391923,4,Letrozole,11,Bifidobacterium
355.T4,0.021361178840242,4,Letrozole,12,Bifidobacterium
356.T4,0.01271098145447,4,Letrozole,13,Bifidobacterium
359.T4,0.006751687921981,4,Letrozole,14,Bifidobacterium
360.T4,0.003475952727043,4,Letrozole,15,Bifidobacterium
361.T4,0.010840761262347,4,Letrozole,16,Bifidobacterium
340.T5,0.001411815812337,5,Placebo,1,Bifidobacterium
341.T5,0.010171335327713,5,Placebo,2,Bifidobacterium
342.T5,0.001344007479694,5,Placebo,3,Bifidobacterium
344.T5,0.003069790753038,5,Placebo,4,Bifidobacterium
345.T5,0.003431676278538,5,Placebo,5,Bifidobacterium
347.T5,0.009806813154402,5,Placebo,6,Bifidobacterium
348.T5,0.000647542575924,5,Placebo,7,Bifidobacterium
349.T5,0.001742160278746,5,Placebo,8,Bifidobacterium
351.T5,0.025115352348993,5,Letrozole,9,Bifidobacterium
352.T5,0.005250170630546,5,Letrozole,10,Bifidobacterium
353.T5,0.003582215354358,5,Letrozole,11,Bifidobacterium
355.T5,0.007800992853636,5,Letrozole,12,Bifidobacterium
356.T5,0.005034091633212,5,Letrozole,13,Bifidobacterium
359.T5,0.005156037991859,5,Letrozole,14,Bifidobacterium
360.T5,0.005434354571946,5,Letrozole,15,Bifidobacterium
361.T5,0.012559215599868,5,Letrozole,16,Bifidobacterium
340.T1,0.007939781398226,1,Placebo,1,Coprococcus
341.T1,0.01861781352398,1,Placebo,2,Coprococcus
342.T1,0.012932076383853,1,Placebo,3,Coprococcus
344.T1,0.009287925696594,1,Placebo,4,Coprococcus
345.T1,0.002330179353199,1,Placebo,5,Coprococcus
347.T1,0.001696695483558,1,Placebo,6,Coprococcus
348.T1,0.001414141414141,1,Placebo,7,Coprococcus
349.T1,0.001921909771394,1,Placebo,8,Coprococcus
351.T1,0.00516887346881,1,Letrozole,9,Coprococcus
352.T1,0.003587846171095,1,Letrozole,10,Coprococcus
353.T1,0.003839888294159,1,Letrozole,11,Coprococcus
355.T1,0.006745627108008,1,Letrozole,12,Coprococcus
356.T1,0.001494349490987,1,Letrozole,13,Coprococcus
359.T1,0.003491827637444,1,Letrozole,14,Coprococcus
360.T1,0.001921176858052,1,Letrozole,15,Coprococcus
361.T1,0.009710431445517,1,Letrozole,16,Coprococcus
340.T2,0.002986617655505,2,Placebo,1,Coprococcus
341.T2,0.007240065323898,2,Placebo,2,Coprococcus
342.T2,0.005287713841369,2,Placebo,3,Coprococcus
344.T2,0.009943016629841,2,Placebo,4,Coprococcus
345.T2,0.002918794954654,2,Placebo,5,Coprococcus
347.T2,0.001828463075204,2,Placebo,6,Coprococcus
348.T2,0.000961670559143,2,Placebo,7,Coprococcus
349.T2,0.01012443438914,2,Placebo,8,Coprococcus
351.T2,0.00605710989328,2,Letrozole,9,Coprococcus
352.T2,0.002028969170941,2,Letrozole,10,Coprococcus
353.T2,0.005319687911643,2,Letrozole,11,Coprococcus
355.T2,0.002787752787753,2,Letrozole,12,Coprococcus
356.T2,0.004200389304375,2,Letrozole,13,Coprococcus
359.T2,0.013167842741936,2,Letrozole,14,Coprococcus
360.T2,0.001060208693711,2,Letrozole,15,Coprococcus
361.T2,0.000967987277881,2,Letrozole,16,Coprococcus
340.T3,0.004142318218803,3,Placebo,1,Coprococcus
341.T3,0.01721975689755,3,Placebo,2,Coprococcus
342.T3,0.000686302545039,3,Placebo,3,Coprococcus
344.T3,0.005800585284281,3,Placebo,4,Coprococcus
345.T3,0.00485545261748,3,Placebo,5,Coprococcus
347.T3,0.002165141226257,3,Placebo,6,Coprococcus
348.T3,0.000975309275705,3,Placebo,7,Coprococcus
349.T3,0.001784621660208,3,Placebo,8,Coprococcus
351.T3,0.008900756564308,3,Letrozole,9,Coprococcus
352.T3,0.000413265833247,3,Letrozole,10,Coprococcus
353.T3,0.004973018728177,3,Letrozole,11,Coprococcus
355.T3,0.00094696969697,3,Letrozole,12,Coprococcus
356.T3,0.00064391500322,3,Letrozole,13,Coprococcus
359.T3,0.004565970399916,3,Letrozole,14,Coprococcus
360.T3,0.002524093620927,3,Letrozole,15,Coprococcus
361.T3,0.000839956063837,3,Letrozole,16,Coprococcus
340.T4,0.004832626119755,4,Placebo,1,Coprococcus
341.T4,0.005753667172484,4,Placebo,2,Coprococcus
342.T4,0.002131613467425,4,Placebo,3,Coprococcus
344.T4,0.006808746194298,4,Placebo,4,Coprococcus
345.T4,0.004248874679231,4,Placebo,5,Coprococcus
347.T4,0.002556629339878,4,Placebo,6,Coprococcus
348.T4,0.005285512033978,4,Placebo,7,Coprococcus
349.T4,0.003537850150237,4,Placebo,8,Coprococcus
351.T4,0.00510752688172,4,Letrozole,9,Coprococcus
352.T4,0.004828722376868,4,Letrozole,10,Coprococcus
353.T4,0.006918887089651,4,Letrozole,11,Coprococcus
355.T4,0.001643167603096,4,Letrozole,12,Coprococcus
356.T4,0.008682364381468,4,Letrozole,13,Coprococcus
359.T4,0.008656010156385,4,Letrozole,14,Coprococcus
360.T4,0.007267901156544,4,Letrozole,15,Coprococcus
361.T4,0.002770416767044,4,Letrozole,16,Coprococcus
340.T5,0.005647263249348,5,Placebo,1,Coprococcus
341.T5,0.007234158281208,5,Placebo,2,Coprococcus
342.T5,0.002395839420324,5,Placebo,3,Coprococcus
344.T5,0.004260117779727,5,Placebo,4,Coprococcus
345.T5,0.007959582479386,5,Placebo,5,Coprococcus
347.T5,0.003981713611562,5,Placebo,6,Coprococcus
348.T5,0.005827883183319,5,Placebo,7,Coprococcus
349.T5,0.003484320557491,5,Placebo,8,Coprococcus
351.T5,0.006239513422819,5,Letrozole,9,Coprococcus
352.T5,0.004777655273796,5,Letrozole,10,Coprococcus
353.T5,0.007585867809229,5,Letrozole,11,Coprococcus
355.T5,0.00436419180623,5,Letrozole,12,Coprococcus
356.T5,0.003441024660677,5,Letrozole,13,Coprococcus
359.T5,0.00651289009498,5,Letrozole,14,Coprococcus
360.T5,0.00173269276207,5,Letrozole,15,Coprococcus
361.T5,0.000716095626308,5,Letrozole,16,Coprococcus
340.T1,0.000670241286863,1,Placebo,1,Allobaculum
341.T1,0.000496475027306,1,Placebo,2,Allobaculum
342.T1,0.001631617113851,1,Placebo,3,Allobaculum
344.T1,0.000638852032041,1,Placebo,4,Allobaculum
345.T1,0.000564891964412,1,Placebo,5,Allobaculum
347.T1,0.00036357760362,1,Placebo,6,Allobaculum
348.T1,0.000252525252525,1,Placebo,7,Allobaculum
349.T1,0.000303459437589,1,Placebo,8,Allobaculum
351.T1,0.000708064858741,1,Letrozole,9,Allobaculum
352.T1,0.000280300482117,1,Letrozole,10,Allobaculum
353.T1,0.000465441005353,1,Letrozole,11,Allobaculum
355.T1,0.000313750098047,1,Letrozole,12,Allobaculum
356.T1,0.000793873167087,1,Letrozole,13,Allobaculum
359.T1,0.000445765230312,1,Letrozole,14,Allobaculum
360.T1,0.000274453836865,1,Letrozole,15,Allobaculum
361.T1,0.00063960925689,1,Letrozole,16,Allobaculum
340.T2,0.003503532249727,2,Placebo,1,Allobaculum
341.T2,0.003592814371257,2,Placebo,2,Allobaculum
342.T2,0.003058579574909,2,Placebo,3,Allobaculum
344.T2,0.000523316664728,2,Placebo,4,Allobaculum
345.T2,0.00026060669238,2,Placebo,5,Allobaculum
347.T2,0.00047404598246,2,Placebo,6,Allobaculum
348.T2,0.000480835279571,2,Placebo,7,Allobaculum
349.T2,0.000452488687783,2,Placebo,8,Allobaculum
351.T2,0.006287856936833,2,Letrozole,9,Allobaculum
352.T2,0.009074001014485,2,Letrozole,10,Allobaculum
353.T2,0.016769682845273,2,Letrozole,11,Allobaculum
355.T2,0.002504252504253,2,Letrozole,12,Allobaculum
356.T2,0.021206843561111,2,Letrozole,13,Allobaculum
359.T2,0.002016129032258,2,Letrozole,14,Allobaculum
360.T2,0.004519837062664,2,Letrozole,15,Allobaculum
361.T2,0.007190762635691,2,Letrozole,16,Allobaculum
340.T3,0.012057104815445,3,Placebo,1,Allobaculum
341.T3,0.004099942118464,3,Placebo,2,Allobaculum
342.T3,0.00480411781527,3,Placebo,3,Allobaculum
344.T3,0.000888377926421,3,Placebo,4,Allobaculum
345.T3,0.000446478401607,3,Placebo,5,Allobaculum
347.T3,0.000295246530853,3,Placebo,6,Allobaculum
348.T3,0.000513320671423,3,Placebo,7,Allobaculum
349.T3,0.000254945951458,3,Placebo,8,Allobaculum
351.T3,0.0028927458834,3,Letrozole,9,Allobaculum
352.T3,0.015910734580019,3,Letrozole,10,Allobaculum
353.T3,0.003914929637075,3,Letrozole,11,Allobaculum
355.T3,0.006740196078431,3,Letrozole,12,Allobaculum
356.T3,0.060482016373839,3,Letrozole,13,Allobaculum
359.T3,0.011073790280256,3,Letrozole,14,Allobaculum
360.T3,0.005201162612819,3,Letrozole,15,Allobaculum
361.T3,0.008722620662919,3,Letrozole,16,Allobaculum
340.T4,0.005539839698256,4,Placebo,1,Allobaculum
341.T4,0.003603945371775,4,Placebo,2,Allobaculum
342.T4,0.031646261477919,4,Placebo,3,Allobaculum
344.T4,0.001051757542209,4,Placebo,4,Allobaculum
345.T4,0.00042068066131,4,Placebo,5,Allobaculum
347.T4,0.003681546249425,4,Placebo,6,Allobaculum
348.T4,0.001038225578103,4,Placebo,7,Allobaculum
349.T4,0.00053310070757,4,Placebo,8,Allobaculum
351.T4,0.001935483870968,4,Letrozole,9,Allobaculum
352.T4,0.00369255240584,4,Letrozole,10,Allobaculum
353.T4,0.003483978605427,4,Letrozole,11,Allobaculum
355.T4,0.005989610940316,4,Letrozole,12,Allobaculum
356.T4,0.028130860595958,4,Letrozole,13,Allobaculum
359.T4,0.009983265047031,4,Letrozole,14,Allobaculum
360.T4,0.004929532958352,4,Letrozole,15,Allobaculum
361.T4,0.023066730908215,4,Letrozole,16,Allobaculum
340.T5,0.000868809730669,5,Placebo,1,Allobaculum
341.T5,0.001686157193364,5,Placebo,2,Allobaculum
342.T5,0.021679424998539,5,Placebo,3,Allobaculum
344.T5,0.000689136699662,5,Placebo,4,Allobaculum
345.T5,0.000524283875888,5,Placebo,5,Allobaculum
347.T5,0.021457012240083,5,Placebo,6,Allobaculum
348.T5,0.000582788318332,5,Placebo,7,Allobaculum
349.T5,0.000435540069686,5,Placebo,8,Allobaculum
351.T5,0.002097315436242,5,Letrozole,9,Allobaculum
352.T5,0.001575051189164,5,Letrozole,10,Allobaculum
353.T5,0.001123832268034,5,Letrozole,11,Allobaculum
355.T5,0.001309257541869,5,Letrozole,12,Allobaculum
356.T5,0.009813292550819,5,Letrozole,13,Allobaculum
359.T5,0.009407507914971,5,Letrozole,14,Allobaculum
360.T5,0.002284004095456,5,Letrozole,15,Allobaculum
361.T5,0.008152473284125,5,Letrozole,16,Allobaculum
340.T1,0.031398226438441,1,Placebo,1,Ruminococcus
341.T1,0.036937742031576,1,Placebo,2,Ruminococcus
342.T1,0.020727580372251,1,Placebo,3,Ruminococcus
344.T1,0.011057054400708,1,Placebo,4,Ruminococcus
345.T1,0.014192910605847,1,Placebo,5,Ruminococcus
347.T1,0.012927203684253,1,Placebo,6,Ruminococcus
348.T1,0.00520202020202,1,Placebo,7,Ruminococcus
349.T1,0.006979567064536,1,Placebo,8,Ruminococcus
351.T1,0.019967429016498,1,Letrozole,9,Ruminococcus
352.T1,0.006615091377957,1,Letrozole,10,Ruminococcus
353.T1,0.006748894577612,1,Letrozole,11,Ruminococcus
355.T1,0.008549690171778,1,Letrozole,12,Ruminococcus
356.T1,0.007892033249276,1,Letrozole,13,Ruminococcus
359.T1,0.006612184249629,1,Letrozole,14,Ruminococcus
360.T1,0.007739598199583,1,Letrozole,15,Ruminococcus
361.T1,0.02657285730899,1,Letrozole,16,Ruminococcus
340.T2,0.004537361438171,2,Placebo,1,Ruminococcus
341.T2,0.009363091997823,2,Placebo,2,Ruminococcus
342.T2,0.013011923276309,2,Placebo,3,Ruminococcus
344.T2,0.021397836957786,2,Placebo,4,Ruminococcus
345.T2,0.006463045971021,2,Placebo,5,Ruminococcus
347.T2,0.010090407340941,2,Placebo,6,Ruminococcus
348.T2,0.004190136007693,2,Placebo,7,Ruminococcus
349.T2,0.011764705882353,2,Placebo,8,Ruminococcus
351.T2,0.020997980963369,2,Letrozole,9,Ruminococcus
352.T2,0.006594149805557,2,Letrozole,10,Ruminococcus
353.T2,0.00952477454656,2,Letrozole,11,Ruminococcus
355.T2,0.003213003213003,2,Letrozole,12,Ruminococcus
356.T2,0.015623399241881,2,Letrozole,13,Ruminococcus
359.T2,0.019972278225807,2,Letrozole,14,Ruminococcus
360.T2,0.004408236147536,2,Letrozole,15,Ruminococcus
361.T2,0.002143400401023,2,Letrozole,16,Ruminococcus
340.T3,0.013018714401953,3,Placebo,1,Ruminococcus
341.T3,0.026625506463438,3,Placebo,2,Ruminococcus
342.T3,0.002516442665142,3,Placebo,3,Ruminococcus
344.T3,0.020484949832776,3,Placebo,4,Ruminococcus
345.T3,0.019645049670722,3,Placebo,5,Ruminococcus
347.T3,0.021159334711151,3,Placebo,6,Ruminococcus
348.T3,0.002720599558544,3,Placebo,7,Ruminococcus
349.T3,0.005608810932082,3,Placebo,8,Ruminococcus
351.T3,0.018413440142412,3,Letrozole,9,Ruminococcus
352.T3,0.000723215208183,3,Letrozole,10,Ruminococcus
353.T3,0.011109935456566,3,Letrozole,11,Ruminococcus
355.T3,0.002506684491979,3,Letrozole,12,Ruminococcus
356.T3,0.003081593229694,3,Letrozole,13,Ruminococcus
359.T3,0.013907840873308,3,Letrozole,14,Ruminococcus
360.T3,0.0110142267095,3,Letrozole,15,Ruminococcus
361.T3,0.002326032176778,3,Letrozole,16,Ruminococcus
340.T4,0.010961810466761,4,Placebo,1,Ruminococcus
341.T4,0.025606980273141,4,Placebo,2,Ruminococcus
342.T4,0.004864451246174,4,Placebo,3,Ruminococcus
344.T4,0.022751176307778,4,Placebo,4,Ruminococcus
345.T4,0.015775524799125,4,Placebo,5,Ruminococcus
347.T4,0.023163061819298,4,Placebo,6,Ruminococcus
348.T4,0.019584709768759,4,Placebo,7,Ruminococcus
349.T4,0.020645536493167,4,Placebo,8,Ruminococcus
351.T4,0.011021505376344,4,Letrozole,9,Ruminococcus
352.T4,0.00738510481168,4,Letrozole,10,Ruminococcus
353.T4,0.012316600422003,4,Letrozole,11,Ruminococcus
355.T4,0.005194529842044,4,Letrozole,12,Ruminococcus
356.T4,0.030700840452872,4,Letrozole,13,Ruminococcus
359.T4,0.017773674187778,4,Letrozole,14,Ruminococcus
360.T4,0.025785249320609,4,Letrozole,15,Ruminococcus
361.T4,0.012888460611901,4,Letrozole,16,Ruminococcus
340.T5,0.015910078192876,5,Placebo,1,Ruminococcus
341.T5,0.044438400870275,5,Placebo,2,Ruminococcus
342.T5,0.003447671360954,5,Placebo,3,Ruminococcus
344.T5,0.017729607818569,5,Placebo,4,Ruminococcus
345.T5,0.016586435346266,5,Placebo,5,Ruminococcus
347.T5,0.029199233151453,5,Placebo,6,Ruminococcus
348.T5,0.011850029139416,5,Placebo,7,Ruminococcus
349.T5,0.005389808362369,5,Placebo,8,Ruminococcus
351.T5,0.010276845637584,5,Letrozole,9,Ruminococcus
352.T5,0.005985194518822,5,Letrozole,10,Ruminococcus
353.T5,0.009341855728033,5,Letrozole,11,Ruminococcus
355.T5,0.010855927117997,5,Letrozole,12,Ruminococcus
356.T5,0.021793156184286,5,Letrozole,13,Ruminococcus
359.T5,0.026956128448666,5,Letrozole,14,Ruminococcus
360.T5,0.00905725761991,5,Letrozole,15,Ruminococcus
361.T5,0.002533876831552,5,Letrozole,16,Ruminococcus
340.T1,0.23566714786554,1,Placebo,1,S24-7
341.T1,0.156886108628736,1,Placebo,2,S24-7
342.T1,0.121585690113609,1,Placebo,3,S24-7
344.T1,0.277065212049732,1,Placebo,4,S24-7
345.T1,0.214094054512075,1,Placebo,5,S24-7
347.T1,0.185586167892058,1,Placebo,6,S24-7
348.T1,0.091313131313131,1,Placebo,7,S24-7
349.T1,0.390855755614,1,Placebo,8,S24-7
351.T1,0.405367131629257,1,Letrozole,9,S24-7
352.T1,0.229622154950107,1,Letrozole,10,S24-7
353.T1,0.280486385850594,1,Letrozole,11,S24-7
355.T1,0.241666013020629,1,Letrozole,12,S24-7
356.T1,0.502008032128514,1,Letrozole,13,S24-7
359.T1,0.32630014858841,1,Letrozole,14,S24-7
360.T1,0.45257437698979,1,Letrozole,15,S24-7
361.T1,0.224677288056752,1,Letrozole,16,S24-7
340.T2,0.295100798345873,2,Placebo,1,S24-7
341.T2,0.28644529123571,2,Placebo,2,S24-7
342.T2,0.196060134784864,2,Placebo,3,S24-7
344.T2,0.42946854285382,2,Placebo,4,S24-7
345.T2,0.246794537683729,2,Placebo,5,S24-7
347.T2,0.427995801307011,2,Placebo,6,S24-7
348.T2,0.501099052067592,2,Placebo,7,S24-7
349.T2,0.21052036199095,2,Placebo,8,S24-7
351.T2,0.492125757138735,2,Letrozole,9,S24-7
352.T2,0.170940652651749,2,Letrozole,10,S24-7
353.T2,0.22368021076097,2,Letrozole,11,S24-7
355.T2,0.524428274428273,2,Letrozole,12,S24-7
356.T2,0.408872041798997,2,Letrozole,13,S24-7
359.T2,0.229712701612903,2,Letrozole,14,S24-7
360.T2,0.440935215668769,2,Letrozole,15,S24-7
361.T2,0.472170365760909,2,Letrozole,16,S24-7
340.T3,0.386567053776168,3,Placebo,1,S24-7
341.T3,0.221252170557592,3,Placebo,2,S24-7
342.T3,0.493966256791535,3,Placebo,3,S24-7
344.T3,0.314642558528428,3,Placebo,4,S24-7
345.T3,0.28351378502065,3,Placebo,5,S24-7
347.T3,0.161155398090739,3,Placebo,6,S24-7
348.T3,0.324777988809609,3,Placebo,7,S24-7
349.T3,0.610136651029981,3,Placebo,8,S24-7
351.T3,0.402147307521139,3,Letrozole,9,S24-7
352.T3,0.590866825085237,3,Letrozole,10,S24-7
353.T3,0.223891651677071,3,Letrozole,11,S24-7
355.T3,0.484068627450982,3,Letrozole,12,S24-7
356.T3,0.538634900193173,3,Letrozole,13,S24-7
359.T3,0.311168258633359,3,Letrozole,14,S24-7
360.T3,0.349242771913721,3,Letrozole,15,S24-7
361.T3,0.364928603734574,3,Letrozole,16,S24-7
340.T4,0.342409240924093,4,Placebo,1,S24-7
341.T4,0.226795649974709,4,Placebo,2,S24-7
342.T4,0.301978574551813,4,Placebo,3,S24-7
344.T4,0.195792969831165,4,Placebo,4,S24-7
345.T4,0.157671111858988,4,Placebo,5,S24-7
347.T4,0.259395612824052,4,Placebo,6,S24-7
348.T4,0.179613025011799,4,Placebo,7,S24-7
349.T4,0.209508578075022,4,Placebo,8,S24-7
351.T4,0.470537634408605,4,Letrozole,9,S24-7
352.T4,0.32727376015452,4,Letrozole,10,S24-7
353.T4,0.172432405908042,4,Letrozole,11,S24-7
355.T4,0.292642849570657,4,Letrozole,12,S24-7
356.T4,0.436757657845384,4,Letrozole,13,S24-7
359.T4,0.224652316925386,4,Letrozole,14,S24-7
360.T4,0.120015167793718,4,Letrozole,15,S24-7
361.T4,0.134244760298723,4,Letrozole,16,S24-7
340.T5,0.271340139009557,5,Placebo,1,S24-7
341.T5,0.188088115311395,5,Placebo,2,S24-7
342.T5,0.245018407058961,5,Placebo,3,S24-7
344.T5,0.339305851397068,5,Placebo,4,S24-7
345.T5,0.232877365235213,5,Placebo,5,S24-7
347.T5,0.318610824362189,5,Placebo,6,S24-7
348.T5,0.136501975004856,5,Placebo,7,S24-7
349.T5,0.409353222996516,5,Placebo,8,S24-7
351.T5,0.493498322147652,5,Letrozole,9,S24-7
352.T5,0.455609807318735,5,Letrozole,10,S24-7
353.T5,0.391093629275829,5,Letrozole,11,S24-7
355.T5,0.336315531067591,5,Letrozole,12,S24-7
356.T5,0.399477474033009,5,Letrozole,13,S24-7
359.T5,0.272908186341022,5,Letrozole,14,S24-7
360.T5,0.19941718516185,5,Letrozole,15,S24-7
361.T5,0.448771620579488,5,Letrozole,16,S24-7
340.T1,0.157145803258404,1,Placebo,1,Lachinospiraceae
341.T1,0.30225399662397,1,Placebo,2,Lachinospiraceae
342.T1,0.119651921682379,1,Placebo,3,Lachinospiraceae
344.T1,0.142906285321146,1,Placebo,4,Lachinospiraceae
345.T1,0.126959469001553,1,Placebo,5,Lachinospiraceae
347.T1,0.110689181546417,1,Placebo,6,Lachinospiraceae
348.T1,0.086262626262626,1,Placebo,7,Lachinospiraceae
349.T1,0.027361925955897,1,Placebo,8,Lachinospiraceae
351.T1,0.12709764214402,1,Letrozole,9,Lachinospiraceae
352.T1,0.080726538849647,1,Letrozole,10,Lachinospiraceae
353.T1,0.102397021177566,1,Letrozole,11,Lachinospiraceae
355.T1,0.174366616989568,1,Letrozole,12,Lachinospiraceae
356.T1,0.06453721864201,1,Letrozole,13,Lachinospiraceae
359.T1,0.064338781575037,1,Letrozole,14,Lachinospiraceae
360.T1,0.059776045669119,1,Letrozole,15,Lachinospiraceae
361.T1,0.181183858588208,1,Letrozole,16,Lachinospiraceae
340.T2,0.021538108092585,2,Placebo,1,Lachinospiraceae
341.T2,0.094447468698966,2,Placebo,2,Lachinospiraceae
342.T2,0.066355624675998,2,Placebo,3,Lachinospiraceae
344.T2,0.11879288289336,2,Placebo,4,Lachinospiraceae
345.T2,0.062441363494215,2,Placebo,5,Lachinospiraceae
347.T2,0.058849422679714,2,Placebo,6,Lachinospiraceae
348.T2,0.059760956175299,2,Placebo,7,Lachinospiraceae
349.T2,0.104751131221719,2,Placebo,8,Lachinospiraceae
351.T2,0.10798961638304,2,Letrozole,9,Lachinospiraceae
352.T2,0.109564335230795,2,Letrozole,10,Lachinospiraceae
353.T2,0.077616779815584,2,Letrozole,11,Lachinospiraceae
355.T2,0.022869022869023,2,Letrozole,12,Lachinospiraceae
356.T2,0.058703001741625,2,Letrozole,13,Lachinospiraceae
359.T2,0.121030745967742,2,Letrozole,14,Lachinospiraceae
360.T2,0.025891412309581,2,Letrozole,15,Lachinospiraceae
361.T2,0.040793749567863,2,Letrozole,16,Lachinospiraceae
340.T3,0.04060951253791,3,Placebo,1,Lachinospiraceae
341.T3,0.175622226509743,3,Placebo,2,Lachinospiraceae
342.T3,0.018930511867315,3,Placebo,3,Lachinospiraceae
344.T3,0.144805602006689,3,Placebo,4,Lachinospiraceae
345.T3,0.160285746177029,3,Placebo,5,Lachinospiraceae
347.T3,0.180248007085917,3,Placebo,6,Lachinospiraceae
348.T3,0.042605615728145,3,Placebo,7,Lachinospiraceae
349.T3,0.033397919641036,3,Placebo,8,Lachinospiraceae
351.T3,0.133177570093458,3,Letrozole,9,Lachinospiraceae
352.T3,0.010279987602025,3,Letrozole,10,Lachinospiraceae
353.T3,0.106814093746693,3,Letrozole,11,Lachinospiraceae
355.T3,0.034870766488414,3,Letrozole,12,Lachinospiraceae
356.T3,0.019317450096587,3,Letrozole,13,Lachinospiraceae
359.T3,0.096777579510864,3,Letrozole,14,Lachinospiraceae
360.T3,0.054688695120086,3,Letrozole,15,Lachinospiraceae
361.T3,0.0239710538218,3,Letrozole,16,Lachinospiraceae
340.T4,0.054219707685054,4,Placebo,1,Lachinospiraceae
341.T4,0.141059686393526,4,Placebo,2,Lachinospiraceae
342.T4,0.044326628771316,4,Placebo,3,Lachinospiraceae
344.T4,0.178411292554664,4,Placebo,4,Lachinospiraceae
345.T4,0.149678179294098,4,Placebo,5,Lachinospiraceae
347.T4,0.105179731042593,4,Placebo,6,Lachinospiraceae
348.T4,0.145257196790939,4,Placebo,7,Lachinospiraceae
349.T4,0.176698652709121,4,Placebo,8,Lachinospiraceae
351.T4,0.105215053763441,4,Letrozole,9,Lachinospiraceae
352.T4,0.128159972731921,4,Letrozole,10,Lachinospiraceae
353.T4,0.176112664998282,4,Letrozole,11,Lachinospiraceae
355.T4,0.065090639245203,4,Letrozole,12,Lachinospiraceae
356.T4,0.094811419045635,4,Letrozole,13,Lachinospiraceae
359.T4,0.170292573143286,4,Letrozole,14,Lachinospiraceae
360.T4,0.209947544713392,4,Letrozole,15,Lachinospiraceae
361.T4,0.148217297036858,4,Letrozole,16,Lachinospiraceae
340.T5,0.082482623805387,5,Placebo,1,Lachinospiraceae
341.T5,0.192765841718792,5,Placebo,2,Lachinospiraceae
342.T5,0.070472740022205,5,Placebo,3,Lachinospiraceae
344.T5,0.108382408219521,5,Placebo,4,Lachinospiraceae
345.T5,0.152185310519041,5,Placebo,5,Lachinospiraceae
347.T5,0.124170476330925,5,Placebo,6,Lachinospiraceae
348.T5,0.232726801787218,5,Placebo,7,Lachinospiraceae
349.T5,0.048344947735192,5,Placebo,8,Lachinospiraceae
351.T5,0.076080117449665,5,Letrozole,9,Lachinospiraceae
352.T5,0.066782170420539,5,Letrozole,10,Lachinospiraceae
353.T5,0.106061670295708,5,Letrozole,11,Lachinospiraceae
355.T5,0.119306093502809,5,Letrozole,12,Lachinospiraceae
356.T5,0.075192761103677,5,Letrozole,13,Lachinospiraceae
359.T5,0.125373134328358,5,Letrozole,14,Lachinospiraceae
360.T5,0.08631960305584,5,Letrozole,15,Lachinospiraceae
361.T5,0.024292167015534,5,Letrozole,16,Lachinospiraceae
340.T1,0.009589606104351,1,Placebo,1,Bacteroides
341.T1,0.047363717605005,1,Placebo,2,Bacteroides
342.T1,0.011904761904762,1,Placebo,3,Bacteroides
344.T1,0.02093468966534,1,Placebo,4,Bacteroides
345.T1,0.02534952690298,1,Placebo,5,Bacteroides
347.T1,0.015391451886564,1,Placebo,6,Bacteroides
348.T1,0.016616161616162,1,Placebo,7,Bacteroides
349.T1,0.011076269471981,1,Placebo,8,Bacteroides
351.T1,0.056503575727537,1,Letrozole,9,Bacteroides
352.T1,0.011268079381097,1,Letrozole,10,Bacteroides
353.T1,0.004188969048173,1,Letrozole,11,Bacteroides
355.T1,0.00635343948545,1,Letrozole,12,Bacteroides
356.T1,0.012234986457458,1,Letrozole,13,Bacteroides
359.T1,0.028454680534918,1,Letrozole,14,Bacteroides
360.T1,0.077286200461083,1,Letrozole,15,Bacteroides
361.T1,0.030352366554251,1,Letrozole,16,Bacteroides
340.T2,0.032680489345816,2,Placebo,1,Bacteroides
341.T2,0.017365269461078,2,Placebo,2,Bacteroides
342.T2,0.010108864696734,2,Placebo,3,Bacteroides
344.T2,0.034771485056402,2,Placebo,4,Bacteroides
345.T2,0.053528614614823,2,Placebo,5,Bacteroides
347.T2,0.025056716215759,2,Placebo,6,Bacteroides
348.T2,0.005563951092183,2,Placebo,7,Bacteroides
349.T2,0.008710407239819,2,Placebo,8,Bacteroides
351.T2,0.028324199596193,2,Letrozole,9,Bacteroides
352.T2,0.007777715155273,2,Letrozole,10,Bacteroides
353.T2,0.015908400040531,2,Letrozole,11,Bacteroides
355.T2,0.009119259119259,2,Letrozole,12,Bacteroides
356.T2,0.025612129904723,2,Letrozole,13,Bacteroides
359.T2,0.039818548387097,2,Letrozole,14,Bacteroides
360.T2,0.017632944590146,2,Letrozole,15,Bacteroides
361.T2,0.009749014727235,2,Letrozole,16,Bacteroides
340.T3,0.023522449885347,3,Placebo,1,Bacteroides
341.T3,0.01297511093961,3,Placebo,2,Bacteroides
342.T3,0.007606519874178,3,Placebo,3,Bacteroides
344.T3,0.016043060200669,3,Placebo,4,Bacteroides
345.T3,0.011106150239982,3,Placebo,5,Bacteroides
347.T3,0.029869107371322,3,Placebo,6,Bacteroides
348.T3,0.002053282685694,3,Placebo,7,Bacteroides
349.T3,0.014429940852539,3,Placebo,8,Bacteroides
351.T3,0.034768580329328,3,Letrozole,9,Bacteroides
352.T3,0.014567620621965,3,Letrozole,10,Bacteroides
353.T3,0.005607872182838,3,Letrozole,11,Bacteroides
355.T3,0.014761586452763,3,Letrozole,12,Bacteroides
356.T3,0.01743169901573,3,Letrozole,13,Bacteroides
359.T3,0.096042825653406,3,Letrozole,14,Bacteroides
360.T3,0.026158788435062,3,Letrozole,15,Bacteroides
361.T3,0.012922400982103,3,Letrozole,16,Bacteroides
340.T4,0.011197548326261,4,Placebo,1,Bacteroides
341.T4,0.012835103692463,4,Placebo,2,Bacteroides
342.T4,0.012898994315698,4,Placebo,3,Bacteroides
344.T4,0.007915859396623,4,Placebo,4,Bacteroides
345.T4,0.013377645029658,4,Placebo,5,Bacteroides
347.T4,0.010482180293501,4,Placebo,6,Bacteroides
348.T4,0.007833883907504,4,Placebo,7,Bacteroides
349.T4,0.011631288165164,4,Placebo,8,Bacteroides
351.T4,0.02736559139785,4,Letrozole,9,Bacteroides
352.T4,0.010339146736352,4,Letrozole,10,Bacteroides
353.T4,0.00505422248393,4,Letrozole,11,Bacteroides
355.T4,0.003551362238948,4,Letrozole,12,Bacteroides
356.T4,0.037646731958047,4,Letrozole,13,Bacteroides
359.T4,0.072248831438629,4,Letrozole,14,Bacteroides
360.T4,0.013651014346205,4,Letrozole,15,Bacteroides
361.T4,0.009033967718622,4,Letrozole,16,Bacteroides
340.T5,0.0125977410947,5,Placebo,1,Bacteroides
341.T5,0.018058199619255,5,Placebo,2,Bacteroides
342.T5,0.020510722842284,5,Placebo,3,Bacteroides
344.T5,0.035897757173287,5,Placebo,4,Bacteroides
345.T5,0.016920070540012,5,Placebo,5,Bacteroides
347.T5,0.016664208818758,5,Placebo,6,Bacteroides
348.T5,0.002978695849252,5,Placebo,7,Bacteroides
349.T5,0.062772212543554,5,Placebo,8,Bacteroides
351.T5,0.023804530201342,5,Letrozole,9,Bacteroides
352.T5,0.012652911219615,5,Letrozole,10,Bacteroides
353.T5,0.004214371005127,5,Letrozole,11,Bacteroides
355.T5,0.011401451093776,5,Letrozole,12,Bacteroides
356.T5,0.023449945835723,5,Letrozole,13,Bacteroides
359.T5,0.125734961555857,5,Letrozole,14,Bacteroides
360.T5,0.008427187524612,5,Letrozole,15,Bacteroides
361.T5,0.013275311226176,5,Letrozole,16,Bacteroides
340.T1,0.027325221695195,1,Placebo,1,Oscillospira
341.T1,0.02993744414656,1,Placebo,2,Oscillospira
342.T1,0.016618322455886,1,Placebo,3,Oscillospira
344.T1,0.049240748931151,1,Placebo,4,Oscillospira
345.T1,0.031987007484819,1,Placebo,5,Oscillospira
347.T1,0.022137836309283,1,Placebo,6,Oscillospira
348.T1,0.011717171717172,1,Placebo,7,Oscillospira
349.T1,0.009103783127655,1,Placebo,8,Oscillospira
351.T1,0.04000566451887,1,Letrozole,9,Oscillospira
352.T1,0.015977127480659,1,Letrozole,10,Oscillospira
353.T1,0.019199441470794,1,Letrozole,11,Oscillospira
355.T1,0.023845007451565,1,Letrozole,12,Oscillospira
356.T1,0.021060988138601,1,Letrozole,13,Oscillospira
359.T1,0.013150074294205,1,Letrozole,14,Oscillospira
360.T1,0.011636842683061,1,Letrozole,15,Oscillospira
361.T1,0.050354692406094,1,Letrozole,16,Oscillospira
340.T2,0.007638849003504,2,Placebo,1,Oscillospira
341.T2,0.014153511159499,2,Placebo,2,Oscillospira
342.T2,0.020787973043028,2,Placebo,3,Oscillospira
344.T2,0.036166996162345,2,Placebo,4,Oscillospira
345.T2,0.010841238403002,2,Placebo,5,Oscillospira
347.T2,0.014864727592862,2,Placebo,6,Oscillospira
348.T2,0.006113477125979,2,Placebo,7,Oscillospira
349.T2,0.038518099547511,2,Placebo,8,Oscillospira
351.T2,0.030458609749063,2,Letrozole,9,Oscillospira
352.T2,0.019782449416671,2,Letrozole,10,Oscillospira
353.T2,0.020721451008208,2,Letrozole,11,Oscillospira
355.T2,0.008316008316008,2,Letrozole,12,Oscillospira
356.T2,0.020745825222826,2,Letrozole,13,Oscillospira
359.T2,0.025579637096774,2,Letrozole,14,Oscillospira
360.T2,0.00580324758663,2,Letrozole,15,Oscillospira
361.T2,0.005116504183088,2,Letrozole,16,Oscillospira
340.T3,0.01472002367039,3,Placebo,1,Oscillospira
341.T3,0.036368898321436,3,Placebo,2,Oscillospira
342.T3,0.006005147269088,3,Placebo,3,Oscillospira
344.T3,0.039506688963211,3,Placebo,4,Oscillospira
345.T3,0.029914052907691,3,Placebo,5,Oscillospira
347.T3,0.030804054719024,3,Placebo,6,Oscillospira
348.T3,0.003849905035676,3,Placebo,7,Oscillospira
349.T3,0.012237405669998,3,Placebo,8,Oscillospira
351.T3,0.024087672452159,3,Letrozole,9,Oscillospira
352.T3,0.003512759582602,3,Letrozole,10,Oscillospira
353.T3,0.024600571368109,3,Letrozole,11,Oscillospira
355.T3,0.008188502673797,3,Letrozole,12,Oscillospira
356.T3,0.005243307883359,3,Letrozole,13,Oscillospira
359.T3,0.016846856303139,3,Letrozole,14,Oscillospira
360.T3,0.010096374483708,3,Letrozole,15,Oscillospira
361.T3,0.006848872520514,3,Letrozole,16,Oscillospira
340.T4,0.020627062706271,4,Placebo,1,Oscillospira
341.T4,0.03313100657562,4,Placebo,2,Oscillospira
342.T4,0.011095321381723,4,Placebo,3,Oscillospira
344.T4,0.040797121505674,4,Placebo,4,Oscillospira
345.T4,0.027260106852888,4,Placebo,5,Oscillospira
347.T4,0.030270491384159,4,Placebo,6,Oscillospira
348.T4,0.028032090608778,4,Placebo,7,Oscillospira
349.T4,0.04138800038771,4,Placebo,8,Oscillospira
351.T4,0.02258064516129,4,Letrozole,9,Oscillospira
352.T4,0.015565528603079,4,Letrozole,10,Oscillospira
353.T4,0.028460670297856,4,Letrozole,11,Oscillospira
355.T4,0.008162832608926,4,Letrozole,12,Oscillospira
356.T4,0.028200319511009,4,Letrozole,13,Oscillospira
359.T4,0.031565583703618,4,Letrozole,14,Oscillospira
360.T4,0.025911647601593,4,Letrozole,15,Oscillospira
361.T4,0.01457480125271,4,Letrozole,16,Oscillospira
340.T5,0.024272371850565,5,Placebo,1,Oscillospira
341.T5,0.048952950775088,5,Placebo,2,Oscillospira
342.T5,0.016770875942266,5,Placebo,3,Oscillospira
344.T5,0.026437789750658,5,Placebo,4,Oscillospira
345.T5,0.034173776273772,5,Placebo,5,Oscillospira
347.T5,0.04129184486064,5,Placebo,6,Oscillospira
348.T5,0.018649226186622,5,Placebo,7,Oscillospira
349.T5,0.02852787456446,5,Placebo,8,Oscillospira
351.T5,0.022703439597316,5,Letrozole,9,Oscillospira
352.T5,0.019215624507797,5,Letrozole,10,Oscillospira
353.T5,0.038421015663412,5,Letrozole,11,Oscillospira
355.T5,0.02743985598167,5,Letrozole,12,Oscillospira
356.T5,0.029822213725865,5,Letrozole,13,Oscillospira
359.T5,0.034554500226142,5,Letrozole,14,Oscillospira
360.T5,0.026226667716784,5,Letrozole,15,Oscillospira
361.T5,0.006389776357827,5,Letrozole,16,Oscillospira
340.T1,0.046349762837699,1,Placebo,1,CF231
341.T1,0.012461523185384,1,Placebo,2,CF231
342.T1,0.108351462412376,1,Placebo,3,CF231
344.T1,0.002211410880142,1,Placebo,4,CF231
345.T1,0.002753848326508,1,Placebo,5,CF231
347.T1,0.002100670598691,1,Placebo,6,CF231
348.T1,0.001868686868687,1,Placebo,7,CF231
349.T1,0.003034594375885,1,Placebo,8,CF231
351.T1,0.002690646463216,1,Letrozole,9,CF231
352.T1,0.047202601188474,1,Letrozole,10,CF231
353.T1,0.096171747730975,1,Letrozole,11,CF231
355.T1,0.048317515099224,1,Letrozole,12,CF231
356.T1,0.003315587933128,1,Letrozole,13,CF231
359.T1,0.379866270430906,1,Letrozole,14,CF231
360.T1,0.004061916785597,1,Letrozole,15,CF231
361.T1,0.003430631468775,1,Letrozole,16,CF231
340.T2,0.287232209522715,2,Placebo,1,CF231
341.T2,0.273217201959717,2,Placebo,2,CF231
342.T2,0.128512182477968,2,Placebo,3,CF231
344.T2,0.003198046284452,2,Placebo,4,CF231
345.T2,0.002866673616178,2,Placebo,5,CF231
347.T2,0.007415433582772,2,Placebo,6,CF231
348.T2,0.003228465448551,2,Placebo,7,CF231
349.T2,0.039366515837104,2,Placebo,8,CF231
351.T2,0.003807326218633,2,Letrozole,9,CF231
352.T2,0.336188919573916,2,Letrozole,10,CF231
353.T2,0.154270949437633,2,Letrozole,11,CF231
355.T2,0.2499054999055,2,Letrozole,12,CF231
356.T2,0.081805142915685,2,Letrozole,13,CF231
359.T2,0.192036290322581,2,Letrozole,14,CF231
360.T2,0.255175492439038,2,Letrozole,15,CF231
361.T2,0.2596280163175,2,Letrozole,16,CF231
340.T3,0.222353724387898,3,Placebo,1,CF231
341.T3,0.06854138529809,3,Placebo,2,CF231
342.T3,0.278810408921933,3,Placebo,3,CF231
344.T3,0.002403846153846,3,Placebo,4,CF231
345.T3,0.002344011608438,3,Placebo,5,CF231
347.T3,0.002657218777679,3,Placebo,6,CF231
348.T3,0.003233920229968,3,Placebo,7,CF231
349.T3,0.018967978788497,3,Placebo,8,CF231
351.T3,0.002725856697819,3,Letrozole,9,CF231
352.T3,0.154044839342907,3,Letrozole,10,CF231
353.T3,0.034334991006243,3,Letrozole,11,CF231
355.T3,0.119986631016043,3,Letrozole,12,CF231
356.T3,0.106429951246435,3,Letrozole,13,CF231
359.T3,0.125013120604597,3,Letrozole,14,CF231
360.T3,0.111289582377237,3,Letrozole,15,CF231
361.T3,0.322413904503457,3,Letrozole,16,CF231
340.T4,0.194483734087694,4,Placebo,1,CF231
341.T4,0.024595346484573,4,Placebo,2,CF231
342.T4,0.319468736335811,4,Placebo,3,CF231
344.T4,0.004815942430113,4,Placebo,4,CF231
345.T4,0.001640654579109,4,Placebo,5,CF231
347.T4,0.024441376489237,4,Placebo,6,CF231
348.T4,0.002925908447381,4,Placebo,7,CF231
349.T4,0.003586313850926,4,Placebo,8,CF231
351.T4,0.00258064516129,4,Letrozole,9,CF231
352.T4,0.095324660569221,4,Letrozole,10,CF231
353.T4,0.016585700966681,4,Letrozole,11,CF231
355.T4,0.154192727658221,4,Letrozole,12,CF231
356.T4,0.098492741543377,4,Letrozole,13,CF231
359.T4,0.122511397080039,4,Letrozole,14,CF231
360.T4,0.124881501611578,4,Letrozole,15,CF231
361.T4,0.248434112262106,4,Letrozole,16,CF231
340.T5,0.061522589052997,5,Placebo,1,CF231
341.T5,0.013162904541746,5,Placebo,2,CF231
342.T5,0.344182785017238,5,Placebo,3,CF231
344.T5,0.003069790753038,5,Placebo,4,CF231
345.T5,0.002192459844621,5,Placebo,5,CF231
347.T5,0.132723787052057,5,Placebo,6,CF231
348.T5,0.00291394159166,5,Placebo,7,CF231
349.T5,0.035550958188153,5,Placebo,8,CF231
351.T5,0.002831375838926,5,Letrozole,9,CF231
352.T5,0.098545702735339,5,Letrozole,10,CF231
353.T5,0.042705626185292,5,Letrozole,11,CF231
355.T5,0.080028367246741,5,Letrozole,12,CF231
356.T5,0.091505766902441,5,Letrozole,13,CF231
359.T5,0.082315694255993,5,Letrozole,14,CF231
360.T5,0.221469638497283,5,Letrozole,15,CF231
361.T5,0.297620359149499,5,Letrozole,16,CF231
